{"success":true,"data":{"accuracyValue":2,"accuracyPercent":2,"partnerSet":[{"actualDate":"2018-04-26T12:42:10.239+0000","partnerCode":"openbroker","partnerName":"«Открытие Брокер»","productSet":[{"currencySet":[{"@type":"OpenBrokerCurrencyDto","currency":"RUB","investmentsAmount":0.000000,"totalRevenue":1089003.950000,"totalRevenuePct":-100.00,"liabilitiesAmount":0.00}],"productId":138716,"productName":"Интернет-трейдинг (Россия)","productCategoryCode":"WEB.TRADING","accountNo":"83574"},{"currencySet":[{"@type":"OpenBrokerCurrencyDto","currency":"RUB","investmentsAmount":1219670.575000,"totalRevenue":45240.200000,"totalRevenuePct":3.85,"liabilitiesAmount":905.38}],"productId":191933,"productName":"Самостоятельное управление ИИС","productCategoryCode":"IIA.WEB","accountNo":"83574i"}]}]}}