{"success":true,"data":{"accuracyValue":2,"accuracyPercent":2,"partnerSet":[{"actualDate":"2018-04-26T12:45:36.898+0000","partnerCode":"openuk","partnerName":"УК «Открытие»","reportDate":"2018-04-23T21:00:00.000+0000","categorySet":[{"currencySet":[],"categoryName":"Инвестиционный счет","categoryCode":"INVESTMENT.ACCOUNT"},{"currencySet":[{"@type":"CurrencyDto","currency":"RUB","investmentsAmount":1508757.52,"totalRevenue":108757.52,"totalRevenuePct":7.77}],"categoryName":"Паевые фонды","categoryCode":"MUTUAL.FUNDS"},{"currencySet":[{"@type":"CurrencyDto","currency":"RUB","investmentsAmount":1049213.95,"totalRevenue":-786.05,"totalRevenuePct":-0.07},{"@type":"CurrencyDto","currency":"USD","investmentsAmount":9999.83,"totalRevenue":-0.17,"totalRevenuePct":0.00}],"categoryName":"Доверительное управление","categoryCode":"TRUST.MANAGEMENT"}]}]}}